_dong,_jib
하중동,420-4
하중동,420-5
하중동,420-6
하중동,420-7
하중동,420-8
하중동,420-9
하중동,420-10
하중동,421-1
하중동,421-3
하중동,422-1
하중동,423
하중동,424
하중동,424-1
하중동,424-2
하중동,424-3
하중동,429-2
하중동,429-3
하중동,429-4
하중동,430-1
하중동,431-1
하중동,432
하중동,433-1
하중동,433-5
하중동,434-1
하중동,434-5
하중동,434-6
하중동,434-7
하중동,435
하중동,436
하중동,436-1
하중동,436-3
하중동,436-4
하중동,436-5
하중동,437
하중동,438
하중동,438-1
하중동,438-2
하중동,439-1
하중동,439-2
하중동,440
하중동,441
하중동,441-1
하중동,441-2
하중동,751
하중동,751-1
하중동,751-2
하중동,751-3
하중동,751-4
하중동,751-5
하중동,751-6
하중동,751-7
하중동,751-8
하중동,751-9
하중동,751-10
하중동,751-11
하중동,751-12
하중동,751-13
하중동,754
하중동,754-3
하중동,754-5
하중동,754-6
하중동,754-7
하중동,754-8
하중동,754-9
하중동,754-10
하중동,754-11
하중동,754-12
하중동,754-13
하중동,754-14
하중동,754-15
하중동,754-16
하중동,754-17
하중동,754-18
하중동,754-19
하중동,754-20
하중동,755-1
하중동,755-2
하중동,755-3
하중동,755-7
하중동,755-8
하중동,755-9
하중동,755-10
하중동,755-11
하중동,755-12
하중동,755-13
하중동,756
하중동,756-2
하중동,757-1
하중동,757-2
하중동,757-4
하중동,757-5
하중동,757-6
하중동,758-1
하중동,758-2
하중동,758-3
하중동,758-4
하중동,758-5
하중동,758-9
하중동,758-10
하중동,758-11
하중동,758-12
하중동,758-13
하중동,758-14
하중동,758-15
하중동,758-16
하중동,758-17
하중동,759-1
하중동,759-2
하중동,759-4
하중동,759-5
하중동,760-1
하중동,760-2
하중동,760-3
하중동,760-4
하중동,760-5
하중동,760-6
하중동,760-7
하중동,761-1
하중동,761-2
하중동,761-3
하중동,762-1
하중동,762-2
하중동,762-3
하중동,762-4
하중동,762-5
하중동,763-1
하중동,763-2
하중동,763-3
하중동,763-4
하중동,763-5
하중동,763-6
하중동,763-7
하중동,763-8
하중동,763-9
하중동,764
하중동,764-1
하중동,764-2
하중동,764-3
하중동,764-4
하중동,764-5
하중동,765
하중동,765-1
하중동,765-3
하중동,765-4
하중동,765-5
하중동,765-6
하중동,765-7
하중동,765-8
하중동,765-9
하중동,766-1
하중동,766-2
하중동,766-3
하중동,766-6
하중동,766-7
하중동,766-8
하중동,766-9
하중동,766-10
하중동,766-11
하중동,766-12
하중동,766-13
하중동,766-14
하중동,766-15
하중동,767-1
하중동,767-2
하중동,767-3
하중동,767-4
하중동,767-5
하중동,767-6
하중동,767-7
하중동,767-8
하중동,767-9
하중동,767-10
하중동,767-11
하중동,767-12
하중동,767-13
하중동,767-14
하중동,767-15
하중동,767-16
하중동,767-17
하중동,767-18
하중동,767-19
하중동,767-20
하중동,768
하중동,768-1
하중동,769-1
하중동,769-5
하중동,769-6
하중동,769-8
하중동,769-9
하중동,769-10
하중동,769-11
하중동,769-12
하중동,769-13
하중동,769-14
하중동,769-15
하중동,769-16
하중동,770-1
하중동,770-2
하중동,770-3
하중동,770-4
하중동,770-5
하중동,770-6
하중동,770-7
하중동,770-8
하중동,770-9
하중동,770-10
하중동,770-11
하중동,770-12
하중동,770-13
하중동,770-14
하중동,770-15
하중동,770-16
하중동,770-17
하중동,770-18
하중동,770-19
하중동,770-20
하중동,770-21
하중동,770-22
하중동,771
하중동,771-1
하중동,771-2
하중동,771-3
하중동,771-4
하중동,771-5
하중동,771-6
하중동,771-7
하중동,771-8
하중동,775-1
하중동,775-2
하중동,775-3
하중동,775-4
하중동,775-5
하중동,775-6
하중동,775-7
하중동,775-8
하중동,775-9
하중동,775-10
하중동,775-11
하중동,775-12
하중동,775-13
하중동,775-14
하중동,775-15
하중동,775-16
하중동,775-17
하중동,775-18
하중동,775-19
하중동,775-20
하중동,775-21
하중동,775-22
하중동,775-23
하중동,775-24
하중동,776-1
하중동,776-2
하중동,776-3
하중동,776-4
하중동,776-5
하중동,776-6
하중동,776-7
하중동,777-1
하중동,777-2
하중동,777-3
하중동,777-5
하중동,777-6
하중동,777-7
하중동,777-8
하중동,777-9
하중동,777-10
하중동,777-11
하중동,777-12
하중동,777-13
하중동,777-14
하중동,778-1
하중동,778-2
하중동,778-3
하중동,778-4
하중동,778-9
하중동,778-10
하중동,778-11
하중동,778-12
하중동,778-13
하중동,779-3
하중동,779-5
하중동,779-6
하중동,779-7
하중동,779-8
하중동,779-9
하중동,779-11
하중동,779-14
하중동,779-15
하중동,779-17
하중동,780-3
하중동,780-4
하중동,780-5
하중동,780-6
하중동,780-7
하중동,781-1
하중동,781-2
하중동,781-3
하중동,781-4
하중동,781-5
하중동,781-6
하중동,781-7
하중동,781-8
하중동,781-9
하중동,781-10
하중동,781-11
하중동,781-12
하중동,781-13
하중동,781-14
하중동,781-15
하중동,781-16
하중동,781-17
하중동,781-18
하중동,781-19
하중동,782-1
하중동,782-2
하중동,782-3
하중동,782-4
하중동,782-5
하중동,782-6
하중동,783-1
하중동,783-2
하중동,783-3
하중동,783-4
하중동,783-5
하중동,783-7
하중동,783-8
하중동,783-9
하중동,784-5
하중동,784-6
하중동,784-7
하중동,785-1
하중동,785-2
하중동,785-4
하중동,785-6
하중동,785-7
하중동,785-8
하중동,785-9
하중동,787-4
하중동,787-5
하중동,787-6
하중동,788-2
하중동,788-3
하중동,788-4
하중동,788-5
하중동,791-1
하중동,791-2
하중동,791-3
하중동,791-4
하중동,791-5
하중동,791-6
하중동,791-7
하중동,793-3
하중동,793-4
하중동,793-5
하중동,793-6
하중동,793-7
하중동,793-9
하중동,794-1
하중동,794-2
하중동,794-3
하중동,794-4
하중동,794-6
하중동,794-8
하중동,796-1
하중동,796-2
하중동,796-5
하중동,796-6
하중동,797-1
하중동,797-2
하중동,797-4
하중동,798-7
하중동,799-15
하중동,800-7
하중동,800-9
하중동,800-10
하중동,800-13
하중동,800-14
하중동,800-15
하중동,800-16
하중동,800-17
하중동,800-19
하중동,800-20
하중동,800-21
하중동,800-22
하중동,800-23
하중동,800-24
하중동,800-28
하중동,800-29
하중동,800-30
하중동,800-31
하중동,800-34
하중동,800-35
하중동,800-36
하중동,800-37
하중동,800-38
하중동,800-39
하중동,800-40
하중동,800-41
하중동,800-42
하중동,800-43
하중동,800-44
하중동,800-45
하중동,800-46
하중동,800-47
하중동,800-48
하중동,800-49
하중동,800-50
하중동,800-51
하중동,800-52
하중동,800-53
하중동,800-55
하중동,800-60
하중동,800-61
하중동,800-62
하중동,800-63
하중동,800-64
하중동,800-65
하중동,800-66
하중동,800-67
하중동,800-68
하중동,800-69
하중동,800-70
하중동,800-71
하중동,800-72
하중동,800-73
하중동,800-74
하중동,800-75
하중동,800-76
하중동,800-77
하중동,800-78
하중동,800-79
하중동,800-80
하중동,800-81
하중동,800-82
하중동,800-83
하중동,800-84
하중동,800-85
하중동,800-86
하중동,800-87
하중동,800-88
하중동,800-89
하중동,800-90
하중동,800-91
하중동,800-92
하중동,800-93
하중동,800-94
하중동,800-95
하중동,800-96
하중동,800-97
하중동,800-98
하중동,800-99
하중동,800-100
하중동,800-101
하중동,800-102
하중동,800-103
하중동,800-104
하중동,800-105
하중동,800-106
하중동,800-107
하중동,800-108
하중동,800-109
하중동,800-110
하중동,802-1
하중동,802-2
하중동,802-6
하중동,802-7
하중동,802-8
하중동,802-9
하중동,802-10
하중동,802-11
하중동,802-12
하중동,803-1
하중동,803-2
하중동,803-3
하중동,803-4
하중동,804-1
하중동,807-2
하중동,808
하중동,808-2
하중동,808-4
하중동,816-1
하중동,816-2
하중동,817-1
하중동,817-2
하중동,817-3
하중동,817-4
하중동,818-1
하중동,818-2
하중동,818-3
하중동,818-4
하중동,818-5
하중동,818-6
하중동,826-2
하중동,828
하중동,835
하중동,836
하중동,837
하중동,838
하중동,839
하중동,840
하중동,841
하중동,842
하중동,843
하중동,844
하중동,845
하중동,846
하중동,847
하중동,881
하중동,882
하중동,883
하중동,884
하중동,885
하중동,886
하중동,887
하중동,888
하중동,889
하중동,890
하중동,891
하중동,892
하중동,893
하중동,894
하중동,895
하중동,896
하중동,897
하중동,898
하중동,899
하중동,900
하중동,901
하중동,902
하중동,902-1
하중동,902-2
하중동,903
하중동,904
하중동,905
하중동,산2-2
하중동,산2-3
하중동,산2-4
하중동,산2-5
하중동,산2-6
하중동,산2-8
하중동,산2-9
하중동,산2-10
하중동,산2-11
하중동,산2-12
하중동,산2-13
하중동,산2-14
하중동,산2-15
하중동,산3-1
하중동,산3-2
하중동,산4
하중동,산4-1
하중동,산4-2
하중동,산4-3
하중동,산5
하중동,산6
하중동,산6-1
하중동,산7-1
하중동,산7-2
하중동,산8-2
하중동,산9-1
하중동,산9-2
하중동,산9-3
하중동,산10
하중동,산11
하중동,산11-1
하중동,산12
하중동,산12-1
하중동,산13
하중동,산14
하중동,산15-1
하중동,산15-2
하중동,산15-3
하중동,산17
하중동,산18
하중동,산19-1
하중동,산19-2
하중동,산19-3
하중동,산19-6
하중동,산20
하중동,산21-1
하중동,산21-5
하중동,산21-6
하중동,산22
하중동,산23
하중동,산23-2
하중동,산26-1
하중동,산26-4
하중동,산26-5
하중동,산26-6
하중동,산26-7
하중동,산26-9
하중동,산26-10
하중동,산26-11
하중동,산26-12
하중동,산26-13
하중동,산27
하중동,산28
하중동,산28-2
하중동,산29-1
하중동,산30
하중동,산31
하중동,산31-1
하중동,산32
하중동,산32-1
하중동,산32-2
하중동,산32-3
하중동,산35
하중동,산35-1
하중동,산36
하중동,산36-1
하중동,산36-2
하중동,산36-3
하중동,산36-4
하중동,산36-5
하중동,산41-1
하중동,산42
하중동,산43
하중동,산43-1
하중동,0-6
하중동,0-7
하중동,798-6
하중동,797-10
하중동,797-17
하중동,797-16
하중동,797-18
하중동,796-13
하중동,796-8
하중동,796-14
하중동,796-12
하중동,796-7
하중동,796-11
하중동,796-10
하중동,796-9
하중동,796-3
하중동,787-3
하중동,787-10
하중동,787-8
하중동,787-9
하중동,787-2
하중동,787-1
하중동,785-12
하중동,787-7
하중동,785-5
하중동,785-11
하중동,785-3
하중동,784-8
하중동,784-14
하중동,784-13
하중동,784-4
하중동,784-10
하중동,784-2
하중동,784-12
하중동,784-3
하중동,784-11
하중동,780-2
하중동,779-12
하중동,780-9
하중동,784-9
하중동,784-1
하중동,783-10
하중동,783-6
하중동,779-10
하중동,779-20
하중동,779-4
하중동,778-8
하중동,778-16
하중동,778-18
하중동,779-22
하중동,137-277
하중동,137-132
하중동,779-21
하중동,137-274
하중동,137-80
하중동,137-74
하중동,137-275
하중동,137-273
하중동,779-2
하중동,779-19
하중동,779-18
하중동,779-1
하중동,778-19
하중동,137-72
하중동,137-272
하중동,778-17
하중동,778-7
하중동,778-15
하중동,778-6
하중동,778-14
하중동,778-5
하중동,137-270
하중동,137-55
하중동,137-271
하중동,137-54
하중동,137-62
하중동,137-269
하중동,780-8
하중동,780-1
하중동,137-283
하중동,137-215
하중동,137-282
하중동,137-281
하중동,137-195
하중동,137-186
하중동,137-280
하중동,137-279
하중동,137-139
하중동,137-208
하중동,137-266
하중동,137-51
하중동,137-267
하중동,137-276
하중동,137-255
하중동,137-52
하중동,137-125
하중동,137-268
하중동,137-284
하중동,137-53
하중동,137-265
하중동,137-49
하중동,0-4
하중동,0-9
하중동,1
하중동,2-1
하중동,2-2
하중동,2-3
하중동,3-1
하중동,3-2
하중동,4-1
하중동,4-2
하중동,4-3
하중동,5-1
하중동,5-2
하중동,6
하중동,6-3
하중동,7-1
하중동,7-2
하중동,8
하중동,9-1
하중동,9-2
하중동,10-1
하중동,10-2
하중동,10-3
하중동,10-4
하중동,11
하중동,11-1
하중동,12
하중동,13
하중동,14
하중동,15
하중동,16-1
하중동,16-2
하중동,17-1
하중동,17-2
하중동,18
하중동,19-1
하중동,19-2
하중동,20
하중동,21-1
하중동,21-2
하중동,22-2
하중동,23-1
하중동,23-2
하중동,24
하중동,25
하중동,26
하중동,26-1
하중동,27
하중동,28
하중동,29-1
하중동,29-2
하중동,30
하중동,31
하중동,32
하중동,33
하중동,34-1
하중동,34-2
하중동,34-3
하중동,35
하중동,36
하중동,37-1
하중동,37-2
하중동,38-1
하중동,38-2
하중동,39-1
하중동,39-2
하중동,40-1
하중동,40-2
하중동,41-1
하중동,41-2
하중동,42-1
하중동,42-2
하중동,43
하중동,44
하중동,45
하중동,46
하중동,46-4
하중동,46-5
하중동,48
하중동,49
하중동,50
하중동,51-1
하중동,51-2
하중동,52
하중동,53-1
하중동,53-2
하중동,54-1
하중동,54-2
하중동,55-1
하중동,55-2
하중동,56-1
하중동,56-2
하중동,57
하중동,58
하중동,59-1
하중동,59-2
하중동,60
하중동,61-1
하중동,61-2
하중동,62
하중동,62-8
하중동,63
하중동,64-1
하중동,64-2
하중동,65-1
하중동,65-2
하중동,65-3
하중동,66
하중동,67
하중동,68-1
하중동,68-3
하중동,69
하중동,69-1
하중동,70
하중동,70-1
하중동,71
하중동,71-1
하중동,72-1
하중동,72-2
하중동,73
하중동,74
하중동,74-4
하중동,75
하중동,75-3
하중동,76-1
하중동,76-2
하중동,77
하중동,78
하중동,79-1
하중동,79-2
하중동,80
하중동,81-1
하중동,81-2
하중동,82-1
하중동,82-2
하중동,83-1
하중동,83-2
하중동,84
하중동,85-1
하중동,85-2
하중동,86-1
하중동,86-2
하중동,87
하중동,88
하중동,89-2
하중동,90-1
하중동,90-2
하중동,91-1
하중동,91-2
하중동,91-6
하중동,91-7
하중동,91-8
하중동,91-9
하중동,91-10
하중동,91-11
하중동,92
하중동,92-3
하중동,93
하중동,94
하중동,95-1
하중동,95-2
하중동,96-1
하중동,96-2
하중동,97
하중동,98-1
하중동,98-2
하중동,98-3
하중동,99-1
하중동,99-2
하중동,99-3
하중동,100
하중동,101-1
하중동,101-2
하중동,102
하중동,103
하중동,104
하중동,104-1
하중동,105-1
하중동,105-2
하중동,105-3
하중동,106
하중동,106-3
하중동,107
하중동,107-1
하중동,108
하중동,108-4
하중동,109-1
하중동,109-2
하중동,109-3
하중동,109-4
하중동,109-5
하중동,109-6
하중동,110
하중동,110-1
하중동,111-1
하중동,111-2
하중동,112
하중동,113-1
하중동,113-2
하중동,114
하중동,115-1
하중동,115-3
하중동,115-4
하중동,116
하중동,116-1
하중동,117
하중동,117-3
하중동,118
하중동,118-1
하중동,119
하중동,119-1
하중동,119-2
하중동,120-1
하중동,120-2
하중동,120-3
하중동,121-1
하중동,121-2
하중동,121-3
하중동,121-4
하중동,121-5
하중동,121-6
하중동,122
하중동,122-1
하중동,123-1
하중동,123-2
하중동,123-3
하중동,124
하중동,124-12
하중동,125
하중동,125-1
하중동,125-2
하중동,125-3
하중동,125-4
하중동,126
하중동,126-1
하중동,126-2
하중동,126-3
하중동,127
하중동,128-1
하중동,128-2
하중동,128-3
하중동,128-4
하중동,128-5
하중동,128-6
하중동,130-1
하중동,130-2
하중동,131-5
하중동,134-4
하중동,136-1
하중동,136-2
하중동,136-3
하중동,136-4
하중동,136-5
하중동,136-6
하중동,136-7
하중동,136-8
하중동,136-10
하중동,136-11
하중동,136-12
하중동,136-13
하중동,797-7
하중동,798-11
하중동,136-14
하중동,136-15
하중동,136-17
하중동,136-18
하중동,136-19
하중동,136-20
하중동,136-21
하중동,137
하중동,137-1
하중동,137-2
하중동,137-3
하중동,137-4
하중동,137-6
하중동,137-7
하중동,137-8
하중동,137-9
하중동,137-10
하중동,137-11
하중동,137-12
하중동,137-13
하중동,137-14
하중동,137-15
하중동,137-16
하중동,137-17
하중동,137-18
하중동,137-19
하중동,137-20
하중동,137-21
하중동,137-22
하중동,137-23
하중동,137-24
하중동,137-25
하중동,137-26
하중동,137-27
하중동,137-28
하중동,137-29
하중동,137-30
하중동,137-31
하중동,137-32
하중동,137-35
하중동,137-36
하중동,137-37
하중동,137-38
하중동,137-39
하중동,137-40
하중동,137-41
하중동,137-42
하중동,137-43
하중동,137-44
하중동,137-45
하중동,137-46
하중동,137-47
하중동,137-48
하중동,137-50
하중동,137-56
하중동,137-57
하중동,137-58
하중동,137-59
하중동,137-60
하중동,137-61
하중동,137-63
하중동,137-64
하중동,137-65
하중동,137-66
하중동,137-67
하중동,137-68
하중동,137-69
하중동,137-70
하중동,137-71
하중동,137-73
하중동,137-75
하중동,137-76
하중동,137-77
하중동,137-78
하중동,137-79
하중동,137-83
하중동,137-84
하중동,137-85
하중동,137-86
하중동,137-87
하중동,137-88
하중동,137-89
하중동,137-90
하중동,137-91
하중동,137-92
하중동,137-93
하중동,137-94
하중동,137-96
하중동,137-98
하중동,137-101
하중동,137-104
하중동,137-105
하중동,137-106
하중동,137-110
하중동,137-111
하중동,137-113
하중동,137-115
하중동,137-123
하중동,137-126
하중동,137-127
하중동,137-128
하중동,137-129
하중동,137-130
하중동,137-131
하중동,137-134
하중동,137-135
하중동,137-136
하중동,137-137
하중동,137-138
하중동,137-140
하중동,137-141
하중동,137-142
하중동,137-143
하중동,137-144
하중동,137-145
하중동,137-146
하중동,137-147
하중동,137-148
하중동,137-149
하중동,137-150
하중동,137-151
하중동,137-152
하중동,137-153
하중동,137-154
하중동,137-155
하중동,137-156
하중동,137-157
하중동,137-158
하중동,137-159
하중동,137-160
하중동,137-161
하중동,137-162
하중동,137-163
하중동,137-164
하중동,137-165
하중동,137-166
하중동,137-167
하중동,137-168
하중동,137-169
하중동,137-170
하중동,137-171
하중동,137-172
하중동,137-173
하중동,137-174
하중동,137-175
하중동,137-176
하중동,137-177
하중동,137-178
하중동,137-179
하중동,137-180
하중동,137-181
하중동,137-182
하중동,137-183
하중동,137-184
하중동,137-185
하중동,137-187
하중동,137-188
하중동,137-189
하중동,137-190
하중동,137-191
하중동,137-192
하중동,137-193
하중동,137-194
하중동,137-196
하중동,137-197
하중동,137-198
하중동,137-199
하중동,137-200
하중동,137-201
하중동,137-202
하중동,137-203
하중동,137-204
하중동,137-205
하중동,137-206
하중동,137-207
하중동,137-209
하중동,137-210
하중동,137-211
하중동,137-212
하중동,137-213
하중동,137-214
하중동,137-216
하중동,137-217
하중동,137-218
하중동,137-219
하중동,137-220
하중동,137-221
하중동,137-222
하중동,137-223
하중동,137-224
하중동,137-225
하중동,137-226
하중동,137-227
하중동,137-228
하중동,137-229
하중동,137-230
하중동,137-231
하중동,137-232
하중동,137-233
하중동,137-234
하중동,137-235
하중동,137-236
하중동,137-237
하중동,137-238
하중동,137-239
하중동,137-240
하중동,137-241
하중동,137-242
하중동,137-243
하중동,137-244
하중동,137-245
하중동,137-246
하중동,137-247
하중동,137-248
하중동,137-249
하중동,137-250
하중동,137-251
하중동,137-252
하중동,137-253
하중동,137-254
하중동,137-256
하중동,137-257
하중동,137-258
하중동,137-259
하중동,137-260
하중동,137-261
하중동,137-262
하중동,137-263
하중동,137-264
하중동,138-1
하중동,138-2
하중동,138-3
하중동,138-4
하중동,138-5
하중동,138-6
하중동,138-7
하중동,138-8
하중동,138-9
하중동,139-1
하중동,139-2
하중동,139-3
하중동,139-4
하중동,139-5
하중동,139-6
하중동,139-7
하중동,139-8
하중동,139-9
하중동,139-10
하중동,139-12
하중동,139-13
하중동,139-14
하중동,139-15
하중동,139-16
하중동,139-17
하중동,139-18
하중동,139-19
하중동,139-20
하중동,139-21
하중동,139-22
하중동,139-23
하중동,139-24
하중동,140
하중동,140-1
하중동,140-2
하중동,141
하중동,141-1
하중동,141-2
하중동,141-3
하중동,141-4
하중동,141-5
하중동,141-6
하중동,137-133
하중동,137-278
하중동,327-4
하상동,100-2
하상동,산10-2
하상동,산12-2
하상동,산13-20
하상동,산13-23
하상동,산13-27
하상동,산19-1
하상동,101-1
하상동,101-2
하상동,101-3
하상동,102
하상동,102-3
하상동,103
하상동,363
하상동,363-8
하상동,363-13
하상동,363-14
하상동,365-2
하상동,366
하상동,366-2
하상동,104-1
하상동,104-2
하상동,367
하상동,105
하상동,산1
하상동,산1-1
하상동,산1-2
하상동,산6
하상동,산19-2
하상동,산19-3
하상동,106-1
하상동,106-2
하상동,107-1
하상동,107-2
하상동,108
하상동,109-1
하상동,109-2
하상동,109-3
하상동,109-5
하상동,110-1
하상동,110-2
하상동,110-3
하상동,110-4
하상동,110-5
하상동,110-6
하상동,111-1
하상동,111-2
하상동,111-3
하상동,111-5
하상동,111-6
하상동,112
하상동,113
하상동,114
하상동,115-1
하상동,115-2
하상동,115-3
하상동,115-4
하상동,116-1
하상동,116-2
하상동,117-1
하상동,117-2
하상동,118
하상동,119-1
하상동,119-2
하상동,120
하상동,120-1
하상동,121
하상동,122
하상동,123-1
하상동,123-2
하상동,123-3
하상동,123-4
하상동,123-5
하상동,124-1
하상동,124-2
하상동,124-3
하상동,124-4
하상동,124-5
하상동,125
하상동,126
하상동,128-4
하상동,134
하상동,134-2
하상동,134-3
하상동,134-4
하상동,135
하상동,135-2
하상동,154-1
하상동,154-2
하상동,156-1
하상동,156-2
하상동,158-10
하상동,163-2
하상동,163-3
하상동,163-4
하상동,164-1
하상동,164-2
하상동,164-3
하상동,165-1
하상동,165-2
하상동,165-3
하상동,166
하상동,166-1
하상동,167
하상동,168
하상동,168-1
하상동,169
하상동,169-3
하상동,170-1
하상동,170-2
하상동,172-1
하상동,172-2
하상동,173
하상동,182-2
하상동,183
하상동,184-1
하상동,184-2
하상동,185-1
하상동,185-2
하상동,186
하상동,186-1
하상동,187-1
하상동,187-2
하상동,187-3
하상동,188-1
하상동,188-2
하상동,189-1
하상동,189-2
하상동,189-3
하상동,189-4
하상동,190
하상동,191-1
하상동,363-7
하상동,159-2
하상동,158-9
하상동,159-1
하상동,175-4
하상동,402
하상동,403
하상동,363-9
하상동,1-1
하상동,1-2
하상동,2
하상동,3-1
하상동,3-2
하상동,3-3
하상동,3-4
하상동,4
하상동,5
하상동,6-1
하상동,401
하상동,6-2
하상동,160-2
하상동,160-1
하상동,159
하상동,177-5
하상동,178-4
하상동,7-1
하상동,178-5
하상동,195
하상동,7-2
하상동,174-1
하상동,174-2
하상동,175-2
하상동,175-3
하상동,181
하상동,180
하상동,179-2
하상동,산5
하상동,산7
하상동,산8
하상동,산10
하상동,산10-4
하상동,8-1
하상동,8-2
하상동,8-3
하상동,8-4
하상동,9
하상동,9-1
하상동,10
하상동,10-3
하상동,11
하상동,12-1
하상동,12-3
하상동,12-4
하상동,12-5
하상동,13
하상동,14
하상동,15
하상동,16
하상동,17
하상동,18-1
하상동,18-2
하상동,19-1
하상동,19-2
하상동,20-1
하상동,20-2
하상동,21
하상동,22-1
하상동,22-2
하상동,23
하상동,24
하상동,25-1
하상동,25-2
하상동,26-1
하상동,26-2
하상동,26-3
하상동,27
하상동,28-1
하상동,28-2
하상동,28-3
하상동,28-4
하상동,28-5
하상동,29-1
하상동,29-2
하상동,29-3
하상동,29-4
하상동,29-5
하상동,29-6
하상동,30-1
하상동,30-2
하상동,30-3
하상동,30-6
하상동,31-1
하상동,31-2
하상동,31-3
하상동,32-1
하상동,32-2
하상동,33
하상동,34-1
하상동,34-2
하상동,35
하상동,36
하상동,37
하상동,38-1
하상동,38-2
하상동,39-2
하상동,39-3
하상동,39-4
하상동,39-5
하상동,40-2
하상동,40-3
하상동,41
하상동,42
하상동,43-1
하상동,43-2
하상동,45-3
하상동,46
하상동,46-1
하상동,46-2
하상동,48
하상동,48-3
하상동,48-4
하상동,49
하상동,50
하상동,51
하상동,52
하상동,53
하상동,54
하상동,55
하상동,56
하상동,56-1
하상동,57-1
하상동,57-2
하상동,58-2
하상동,58-3
하상동,59
하상동,60-4
하상동,60-7
하상동,60-9
하상동,60-11
하상동,61-3
하상동,62-2
하상동,62-3
하상동,62-6
하상동,62-7
하상동,62-8
하상동,62-9
하상동,63-1
하상동,63-2
하상동,64
하상동,65
하상동,65-2
하상동,66-1
하상동,66-4
하상동,산10-1
하상동,66-9
하상동,69
하상동,71-1
하상동,71-2
하상동,72-2
하상동,73-1
하상동,산19
하상동,73-2
하상동,73-3
하상동,73-4
하상동,73-5
하상동,74
하상동,75-1
하상동,75-2
하상동,75-3
하상동,76-1
하상동,76-2
하상동,76-3
하상동,76-4
하상동,77
하상동,78
하상동,79
하상동,79-5
하상동,80-1
하상동,80-2
하상동,81
하상동,82
하상동,82-5
하상동,82-6
하상동,84
하상동,85-1
하상동,85-2
하상동,86-1
하상동,86-2
하상동,86-3
하상동,87-1
하상동,87-2
하상동,87-3
하상동,87-4
하상동,88-1
하상동,88-2
하상동,88-3
하상동,89
하상동,89-1
하상동,90
하상동,91-1
하상동,91-2
하상동,92
하상동,93-1
하상동,93-2
하상동,산3
하상동,175-1
하상동,176
하상동,177-1
하상동,177-2
하상동,177-3
하상동,158-8
하상동,178-1
하상동,178-3
하상동,179-1
하상동,산4
하상동,158-5
하상동,158-7
하상동,157
하상동,158-2
하상동,203-2
하상동,363-6
하상동,161-2
하상동,178-7
하상동,158-3
하상동,162-1
하상동,177-4
하상동,158-4
하상동,161-1
하상동,178-6
하상동,191-2
하상동,163-1
하상동,192-1
하상동,192-2
하상동,173-1
하상동,174-3
하상동,182-1
하상동,171
하상동,194-1
하상동,363-10
하상동,162
하상동,194-2
하상동,93-3
하상동,94-1
하상동,94-2
하상동,94-3
하상동,95-2
하상동,96
하상동,97
하상동,98-1
하상동,98-2
하상동,98-3
하상동,98-4
하상동,98-5
하상동,98-6
하상동,99
하상동,99-1
하상동,99-2
하상동,100-1
광석동,409-5
광석동,409-6
광석동,409-13
광석동,409-14
광석동,409-20
광석동,409-21
광석동,539
광석동,536
광석동,537
광석동,538
광석동,541
광석동,542
광석동,543
광석동,544
광석동,545
광석동,546
광석동,547
광석동,548
광석동,549
광석동,550
광석동,551
광석동,산1-1
광석동,산2
광석동,산3
광석동,산3-1
광석동,산3-2
광석동,산4-1
광석동,산4-2
광석동,산4-4
광석동,산4-6
광석동,산4-10
광석동,산4-11
광석동,산4-12
광석동,산5-1
광석동,산6
광석동,산7
광석동,산10-1
광석동,산10-2
광석동,산10-3
광석동,산10-8
광석동,산10-11
광석동,산10-12
광석동,산10-13
광석동,산10-14
광석동,산10-15
광석동,산11
광석동,산12-1
광석동,산12-2
광석동,산14-1
광석동,산14-3
광석동,산14-4
광석동,산14-5
광석동,산14-7
광석동,산14-8
광석동,산17-3
광석동,산20
광석동,산22-1
광석동,산22-3
광석동,산22-6
광석동,산22-7
광석동,산22-8
광석동,산23
광석동,산23-2
광석동,산24-1
광석동,산24-3
광석동,산24-4
광석동,산24-5
광석동,산24-8
광석동,산24-9
광석동,산24-10
광석동,산24-11
광석동,산24-13
광석동,산24-14
광석동,산24-15
광석동,산24-21
광석동,산26
광석동,산27
광석동,산27-2
광석동,산28-1
광석동,산28-6
광석동,산28-7
광석동,산28-8
광석동,산28-9
광석동,산28-10
광석동,산29
광석동,산33
광석동,산34-1
광석동,산34-2
광석동,산35-1
광석동,산35-2
광석동,산35-3
광석동,산35-4
광석동,산35-5
광석동,산35-6
광석동,산35-7
광석동,산35-8
광석동,산35-9
광석동,산35-10
광석동,산35-16
광석동,산35-17
광석동,산35-18
광석동,산36
광석동,산37
광석동,산37-1
광석동,산37-2
광석동,산38-1
광석동,540
광석동,산38-2
광석동,산38-3
광석동,산38-4
광석동,산39-1
광석동,산39-2
광석동,산39-4
광석동,산40
광석동,산40-2
광석동,산40-3
광석동,산41-1
광석동,산41-2
광석동,산43-1
광석동,산43-2
광석동,산43-3
광석동,산44-1
광석동,산44-2
광석동,253
장현동,638
장현동,639
장현동,640-1
장현동,640-2
장현동,641
장현동,642-1
장현동,642-2
장현동,642-3
장현동,642-4
장현동,642-5
장현동,642-6
장현동,642-7
장현동,642-8
장현동,642-9
장현동,642-10
장현동,642-11
장현동,642-12
장현동,642-13
장현동,642-14
장현동,642-15
장현동,642-16
장현동,642-17
장현동,642-18
장현동,642-19
장현동,643
장현동,644-1
장현동,644-2
장현동,644-3
장현동,644-4
장현동,644-5
장현동,644-6
장현동,644-7
장현동,644-8
장현동,645
장현동,646-1
장현동,646-2
장현동,646-3
장현동,647
장현동,648
장현동,649
장현동,649-1
장현동,650
장현동,651
장현동,652
장현동,653
장현동,654
장현동,657-1
장현동,657-2
장현동,658
장현동,659
장현동,660
장현동,661
장현동,662
장현동,663
장현동,664-1
장현동,664-2
장현동,665-1
장현동,665-2
장현동,665-3
장현동,665-4
장현동,665-5
장현동,666
장현동,3-10
장현동,3-9
장현동,3-15
장현동,산100-2
장현동,산100-3
장현동,산100-4
장현동,산100-8
장현동,산100-10
장현동,3-1
장현동,3-3
장현동,3-4
장현동,3-5
장현동,3-6
장현동,3-14
장현동,3-7
장현동,3-8
장현동,3-11
장현동,3-12
장현동,4-1
장현동,4-2
장현동,4-3
장현동,4-4
장현동,4-5
장현동,4-6
장현동,4-7
장현동,4-8
장현동,4-9
장현동,4-10
장현동,4-11
장현동,4-12
장현동,4-13
장현동,4-14
장현동,4-15
장현동,655
장현동,4-16
장현동,4-17
장현동,6-1
장현동,6-2
장현동,6-3
장현동,6-4
장현동,6-5
장현동,6-6
장현동,10-1
장현동,10-2
장현동,10-3
장현동,10-4
장현동,10-5
장현동,10-7
장현동,10-8
장현동,10-9
장현동,10-10
장현동,10-11
장현동,10-13
장현동,10-15
장현동,10-21
장현동,10-22
장현동,3-13
장현동,3-2
장현동,160-1
장현동,160-2
장현동,160-4
장현동,160-5
장현동,168-1
장현동,168-11
장현동,169-6
장현동,344
장현동,344-3
장현동,541-2
장현동,541-3
장현동,541-4
장현동,543-1
장현동,543-2
장현동,543-3
장현동,543-5
장현동,546-3
장현동,549
장현동,550
장현동,551
장현동,552
장현동,553
장현동,554
장현동,555
장현동,556
장현동,557
장현동,558
장현동,559
장현동,560
장현동,561
장현동,562
장현동,563
장현동,564
장현동,565
장현동,566
장현동,567
장현동,568
장현동,569
장현동,570
장현동,571
장현동,572
장현동,573
장현동,574
장현동,575
장현동,576
장현동,577
장현동,578
장현동,579
장현동,581
장현동,582
장현동,583
장현동,584
장현동,585-1
장현동,585-2
장현동,585-3
장현동,586-1
장현동,586-2
장현동,587
장현동,588
장현동,589
장현동,590
장현동,591
장현동,592
장현동,593
장현동,594
장현동,595
장현동,596
장현동,597
장현동,598
장현동,599
장현동,600
장현동,601
장현동,602
장현동,603
장현동,604
장현동,605
장현동,606
장현동,607
장현동,608
장현동,609
장현동,610-1
장현동,610-2
장현동,610-3
장현동,610-4
장현동,610-5
장현동,610-6
장현동,610-7
장현동,610-8
장현동,610-9
장현동,611
장현동,612-1
장현동,612-2
장현동,612-3
장현동,612-4
장현동,612-5
장현동,612-6
장현동,612-7
장현동,612-8
장현동,612-9
장현동,612-10
장현동,613
장현동,614-1
장현동,614-2
장현동,614-3
장현동,614-4
장현동,614-5
장현동,614-6
장현동,614-7
장현동,614-8
장현동,614-9
장현동,614-10
장현동,614-11
장현동,614-12
장현동,614-13
장현동,614-14
장현동,614-15
장현동,614-16
장현동,614-17
장현동,615
장현동,616-1
장현동,616-2
장현동,616-3
장현동,616-4
장현동,616-5
장현동,617
장현동,618-1
장현동,618-2
장현동,618-3
장현동,618-4
장현동,618-5
장현동,618-6
장현동,618-7
장현동,618-8
장현동,619
장현동,620-1
장현동,620-2
장현동,620-3
장현동,620-4
장현동,620-5
장현동,620-6
장현동,620-7
장현동,620-8
장현동,620-9
장현동,620-10
장현동,620-11
장현동,620-12
장현동,620-13
장현동,620-14
장현동,620-15
장현동,620-16
장현동,620-17
장현동,621
장현동,622
장현동,623
장현동,624
장현동,625
장현동,626
장현동,627
장현동,628
장현동,629
장현동,630
장현동,631
장현동,632
장현동,633
장현동,634
장현동,635
장현동,636
장현동,637
